id,brand,modelNumber
WRT318FZDW09,Whirlpool,WRT318FZDW09
WRT348FMES03,Whirlpool,WRT348FMES03
WRT348FMES04,Whirlpool,WRT348FMES04
WRT511SZDB02,Whirlpool,WRT511SZDB02
WRT511SZDM02,Whirlpool,WRT511SZDM02
WRT511SZDW02,Whirlpool,WRT511SZDW02
WRT518SZFB02,Whirlpool,WRT518SZFB02
WRT518SZFG02,Whirlpool,WRT518SZFG02
WRT518SZFM02,Whirlpool,WRT518SZFM02
WRT518SZFW02,Whirlpool,WRT518SZFW02
WRT518SZKV01,Whirlpool,WRT518SZKV01
WRT519SZDB07,Whirlpool,WRT519SZDB07
WRT519SZDB09,Whirlpool,WRT519SZDB09
WRT519SZDG00,Whirlpool,WRT519SZDG00
WRT519SZDG07,Whirlpool,WRT519SZDG07
WRT519SZDM07,Whirlpool,WRT519SZDM07
WRT519SZDM09,Whirlpool,WRT519SZDM09
WRT519SZDT09,Whirlpool,WRT519SZDT09
WRT519SZDW09,Whirlpool,WRT519SZDW09
WRT541SZDZ01,Whirlpool,WRT541SZDZ01
WRT549SZDB03,Whirlpool,WRT549SZDB03
WRT549SZDB04,Whirlpool,WRT549SZDB04
WRT549SZDM03,Whirlpool,WRT549SZDM03
WRT549SZDM04,Whirlpool,WRT549SZDM04
WRT549SZDW03,Whirlpool,WRT549SZDW03
WRT549SZDW04,Whirlpool,WRT549SZDW04
WRX735SDHV05,Whirlpool,WRX735SDHV05
WRX735SDHV06,Whirlpool,WRX735SDHV06
WRX735SDHZ04,Whirlpool,WRX735SDHZ04
WRX735SDHZ06,Whirlpool,WRX735SDHZ06
WRX735SDHZ07,Whirlpool,WRX735SDHZ07
WRX986SIHV03,Whirlpool,WRX986SIHV03
WRX986SIHZ03,Whirlpool,WRX986SIHZ03
WSR57R18DM05,Whirlpool,WSR57R18DM05
WUB50X24HV02,Whirlpool,WUB50X24HV02
WUB50X24HZ02,Whirlpool,WUB50X24HZ02
WUR35X24HZ03,Whirlpool,WUR35X24HZ03
WRB322DMHV02,Whirlpool,WRB322DMHV02
WRB322DMHV03,Whirlpool,WRB322DMHV03
WRB329DMBM03,Whirlpool,WRB329DMBM03
WRF532SMHB04,Whirlpool,WRF532SMHB04
WRF532SMHV04,Whirlpool,WRF532SMHV04
WRF532SMHZ00,Whirlpool,WRF532SMHZ00
WRF532SNHW00,Whirlpool,WRF532SNHW00
WRF532SNHW03,Whirlpool,WRF532SNHW03
WRF535SMHB04,Whirlpool,WRF535SMHB04
WRF535SWHB03,Whirlpool,WRF535SWHB03
WRF535SWHV03,Whirlpool,WRF535SWHV03
WRF540CWHW02,Whirlpool,WRF540CWHW02
WRF555SDFZ11,Whirlpool,WRF555SDFZ11
WRF757SDHZ01,Whirlpool,WRF757SDHZ01
WRFA32SMHZ06,Whirlpool,WRFA32SMHZ06
WRFA60SMHN00,Whirlpool,WRFA60SMHN00
WRS315SDHB05,Whirlpool,WRS315SDHB05
WRS321SDHV05,Whirlpool,WRS321SDHV05
WRS321SDHW04,Whirlpool,WRS321SDHW04
WRS588FIHW00,Whirlpool,WRS588FIHW00
WRS973CIHZ00,Whirlpool,WRS973CIHZ00
WRT108FFDB00,Whirlpool,WRT108FFDB00
WRT148FZDB03,Whirlpool,WRT148FZDB03
WRT318FMDM06,Whirlpool,WRT318FMDM06
WRX986SIHV00,Whirlpool,WRX986SIHV00
WRX986SIHZ02,Whirlpool,WRX986SIHZ02
WRF535SWHB08,Whirlpool,WRF535SWHB08
WRF535SWHV08,Whirlpool,WRF535SWHV08
WRF535SWHW08,Whirlpool,WRF535SWHW08
WRF535SWHZ05,Whirlpool,WRF535SWHZ05
WRF535SWHZ10,Whirlpool,WRF535SWHZ10
WRF540CWHZ08,Whirlpool,WRF540CWHZ08
WRF540CWHZ09,Whirlpool,WRF540CWHZ09
WRF550CDHZ08,Whirlpool,WRF550CDHZ08
WRF555SDFZ16,Whirlpool,WRF555SDFZ16
WRF555SDHV08,Whirlpool,WRF555SDHV08
WRF560SEHB03,Whirlpool,WRF560SEHB03
WRF560SEHV03,Whirlpool,WRF560SEHV03
WRF560SEHW03,Whirlpool,WRF560SEHW03
WRF560SEHZ03,Whirlpool,WRF560SEHZ03
WRF560SFHV02,Whirlpool,WRF560SFHV02
WRF560SFHV03,Whirlpool,WRF560SFHV03
WRF560SFHW02,Whirlpool,WRF560SFHW02
WRF560SFHW03,Whirlpool,WRF560SFHW03
WRF560SFHZ03,Whirlpool,WRF560SFHZ03
WRF560SMHB03,Whirlpool,WRF560SMHB03
WRF560SMHV03,Whirlpool,WRF560SMHV03
WRF560SMHW03,Whirlpool,WRF560SMHW03
WRF560SMHZ03,Whirlpool,WRF560SMHZ03
WRFA60SFHZ03,Whirlpool,WRFA60SFHZ03
WRFF5333PB00,Whirlpool,WRFF5333PB00
WRFF5333PV00,Whirlpool,WRFF5333PV00
WRFF5333PW00,Whirlpool,WRFF5333PW00
WRFF5333PZ00,Whirlpool,WRFF5333PZ00
WRR56X18FW06,Whirlpool,WRR56X18FW06
WRS315SDHW06,Whirlpool,WRS315SDHW06
WRS315SDHZ0A,Whirlpool,WRS315SDHZ0A
WRT318FZDB10,Whirlpool,WRT318FZDB10
WRT318FZDM10,Whirlpool,WRT318FZDM10
WRT318FZDW10,Whirlpool,WRT318FZDW10
WRTX5028PB00,Whirlpool,WRTX5028PB00
WRTX5028PM00,Whirlpool,WRTX5028PM00
WRTX5028PW00,Whirlpool,WRTX5028PW00